Age,Height,Weight,Gender,Income
50.42745117709282,180.5830079909851,77.31983216817538,Female,43865.92582733834
29.71422888611997,199.09443117637798,93.13624489272206,Male,63806.61094503784
14.171102141401562,169.42195632968279,72.84145575991965,Female,27451.246867820217
32.44159658823576,174.44777980553127,67.38241194481274,Female,61494.32886425127
37.52382271145213,170.5036692489505,81.40301885598473,Female,40798.89017529221
48.796353122185835,131.0146502283819,64.3328581727198,Female,66144.79348149734
37.99987869179155,153.14606902365713,69.21481970174997,Male,49956.01076814245
30.95196018319586,177.6432797576589,79.13366000829801,Male,69052.6150829196
53.15726951580997,170.03820049693908,70.41541135745523,Male,48288.85962395105
34.10134763057749,159.49677159997879,85.05509130145798,Male,66663.15437554865
8.332641346701312,171.64413350690558,70.74672065903539,Male,59570.90372457326
35.27408695354048,176.6272598895249,70.71719187471723,Male,44483.98125416001
31.785144962669712,163.93455673192886,80.52303391237493,Female,44545.97518926153
44.7365413530824,164.4720569060888,60.131618544100746,Female,68545.3789224632
51.542556419392064,188.65886960133415,72.311906146957,Female,51744.166304409046
25.602812128005755,131.60239699622795,60.92959268434728,Male,32124.169495667422
33.38699571670687,161.2620075113436,78.71902470791437,Male,40461.65691529151
32.9173389507585,188.51882135134466,63.05307036848935,Female,45649.615303013736
57.05909119948676,173.68207798377816,65.3560089006146,Male,50884.07029420702
27.548412528073648,154.2062342885757,81.83823692206862,Male,71801.29636730679
37.86596021757542,147.90944283846648,83.30236841250543,Male,80155.90461969281
39.31091733966797,184.3468183180689,51.202429703827434,Female,44411.47358334865
28.70108136627298,164.12017135093336,53.81859078258333,Male,50931.49031320467
13.32127106596376,172.63259140614352,60.7186821271338,Female,47547.15452024088
30.595677589348405,173.8174095201616,56.71716428018438,Male,52934.52651101724
30.67574176454901,163.12642638400948,78.30845230033836,Male,50973.98421484473
34.68542180632275,208.43585272140393,53.45239058838015,Female,56491.2735860498
35.24538705631242,156.16907176949496,69.8167650267852,Female,56647.16387777626
46.38387215205041,176.8711571443058,74.10972675176468,Male,58477.76815401556
26.12945551621101,163.7268154650446,58.37912800319597,Male,59388.98734530167
37.38614121150362,150.50577883807804,74.99435028015621,Male,57870.13068089688
12.06340424822065,188.43676283954605,76.66053536302746,Female,63957.65542013243
36.33557778169054,140.64582561074008,61.33939125903228,Male,44077.869762777285
36.281751423326746,151.390586628395,85.32259550406377,Female,28922.65717985437
56.373016351544464,170.9471152300296,64.76292884314377,Female,53527.55787179587
36.447353817879176,165.89060778209543,63.20426188851115,Female,41231.83688646861
23.974407704480882,169.41575231188628,77.20831817744629,Female,33740.39095798246
37.05011346904525,194.1628790161104,82.99997965292198,Female,54673.682998067074
25.181743417885237,163.62050647202676,65.5755469481296,Female,55986.17846991637
50.90836857924974,184.886900046473,52.50670116277756,Male,51438.79939688153
59.64886334159803,148.16102457637265,67.66117317927639,Female,55783.77258432683
40.1087578373802,175.14893444325315,63.625287626929016,Male,45538.76011457781
37.895994177873945,151.47102887948714,78.62661551628156,Female,56673.0761996969
32.51518308681782,179.69672766803427,64.7944761789139,Female,53736.86553404716
41.8229523895179,150.97416660671442,78.21654402896381,Male,44428.10093704938
34.4822566513133,171.88100468994102,68.02719036074028,Male,68828.75708279383
37.356119746965646,170.4036889797811,71.39519560166075,Male,33935.06001439562
50.380230922269604,182.03932417939347,79.80135661709234,Female,72985.02091524044
42.04801133827604,181.36612485549045,70.78506007543191,Male,75356.04916847013
36.33845236377291,166.86442834554637,61.63874625901123,Male,61391.158858629155
34.682869362996435,142.4657300938801,74.05915108374253,Female,71344.22200080426
40.62495631432351,172.3364461715906,90.73484586430482,Female,25461.597584267358
41.030680634463,151.41188270336238,81.30760893080907,Female,66869.6499381831
45.19897884483804,173.64788623281555,83.15027258721281,Female,55145.74600659273
38.0935850271484,204.38287119599573,61.05207323241841,Female,61757.215103100214
30.714721612701403,171.20069276539837,73.19682428875062,Male,53754.11653893981
32.58736447205079,165.37465350529482,62.17573389268586,Male,55407.32279909456
41.03527467861969,176.28866326694094,76.27801534536594,Female,54689.18545189238
42.504423011263626,155.5806931480992,86.13121490204125,Male,51444.2416132976
29.05020891459391,148.67875744864244,81.32125486178488,Male,63216.069081842026
35.67583073399164,188.66622281061575,69.93869383779862,Male,56540.58892044657
37.03043365742421,175.59995252437625,79.74673572004488,Female,65113.069692526056
34.44356716107885,179.15438176573784,58.55979202224053,Male,27576.628048016526
43.07999288337305,171.04497155102595,74.00397795466814,Male,77365.0640374209
51.71465672990604,171.6318680661389,72.90667046417036,Female,71246.20807759633
33.28935979123675,146.8879990736666,67.32483831220324,Male,52619.0489102367
42.304538021791664,170.7040564677195,53.162118550653716,Female,32157.2911709606
48.96822975860105,170.66876080696812,59.805892929448696,Female,53005.00504653848
18.443166147625966,191.03048689645613,75.1954957616407,Female,27914.79615502015
45.516441360058835,156.41331452228866,82.08232201314468,Female,49666.08108677236
25.98108896800833,148.61778443456214,69.7068858770227,Female,54192.08095108936
56.54922206837353,194.35122208345834,67.55288063801846,Female,42856.122827824525
36.65154229630164,171.28627774976704,62.43040364651349,Male,64988.564325536994
43.527807866072386,164.43449464845222,91.27159773251658,Female,54661.36028293238
23.06792901794776,188.11765546530694,67.90841038222565,Female,65066.53258457097
23.540956283874888,165.8489520979051,61.315730170493296,Male,61009.89395221173
29.681781600393983,159.57049714469701,53.18621777522269,Female,42758.265039007645
29.099952789395342,157.9254667943313,47.244879040256336,Male,64352.18695680495
17.831289316744602,173.2445821068452,78.65857068121693,Female,72224.37944721298
26.366525160331307,173.76585527693385,93.20742227809076,Female,53005.52495906192
38.35262603720743,153.88086868541126,60.45016839040234,Female,66754.53874884183
51.94861235666482,170.48403510271044,57.362383336486644,Male,34773.71578188045
35.40346838148455,154.61181819497114,60.034275115443386,Male,33256.082642202586
26.063939932713083,164.11273355174845,67.61757791525037,Female,30749.03848975658
51.00066225851373,172.17975062804786,78.75462289169249,Female,54978.99018149148
39.91419276085175,184.92850177175808,67.7894808362088,Female,53082.13917396723
40.24373489899405,168.8249037860221,72.12403005641143,Male,40001.348542582105
39.65104519496824,132.1147618628522,78.97226731139341,Female,42894.089383875056
23.975022728980342,166.67426573621213,78.9595246569153,Male,56147.097138021
39.612445185909884,165.70118676207494,77.27648797920854,Female,36329.805219565955
17.179012066299055,174.79594281913302,75.54440997296442,Male,61350.835866641166
34.37277588775394,154.88070758937363,58.248853287827,Male,84022.99051379733
41.11220761311944,183.93841024041885,54.19809004390801,Male,39188.29096993213
41.54097202483072,144.42982817715824,77.11842592560173,Female,32442.675042631712
21.7296306118524,150.17979785063937,70.536405319035,Female,14133.067833821638
43.69601679484866,175.3693374677604,65.11863007043131,Female,56560.54618061938
40.447439939803346,159.78477213412918,79.14210564745461,Female,39016.65212286447
28.995264813234613,170.2746417942963,80.57353361493378,Female,45121.155229997916
55.60714899483829,164.28274666278347,68.80692107911732,Male,41691.15181883346
40.308759084657275,145.675276529514,80.5452563692489,Male,58866.94650134827
30.834371670213844,168.58891792743967,69.75335449483565,Female,51806.68578987884
40.799091939001556,171.16384948505257,56.50839972746036,Male,16251.641616641813
40.2044704182759,186.04372810776727,63.85545325409903,Female,54770.07655408472
28.47361418192769,173.89997305072947,62.98931913155202,Female,70203.34010550965
30.011825672983523,181.54950687350285,66.8052164282824,Male,39465.01888959452
33.90714748540835,179.5413859443039,72.21990384397836,Male,35292.25510956574
28.201047649881303,178.258153475125,63.093012271265685,Male,46679.182900273336
43.930795347858734,179.35424958029392,62.56597701379789,Female,57905.76868978862
14.373030846589522,158.79094220575766,81.56549325329448,Female,44544.8117374601
33.70759208048813,181.5092267975642,85.30379165713252,Female,49825.01764820151
52.797702214828945,162.68785629529327,85.47685948725511,Female,37068.8962504605
41.2778980365881,159.73135306982124,70.99439975005762,Female,34662.83849850639
40.13940562463887,184.9621314900306,83.88352768031673,Female,45458.00733836521
37.18848781273211,177.25389261566608,62.148402764791015,Female,44688.074224772594
35.534647031938974,167.58363398879052,95.86377108823211,Female,29810.91657947206
33.78919716066518,170.20354650413995,99.43835615832633,Male,59358.92700037006
35.54067567136461,191.74198854880123,65.63309522212873,Female,70412.72878852634
15.147576176989919,169.74815878589874,76.46724950701861,Female,48111.35928628452
32.128583080296224,158.744503000317,68.11698210774371,Female,57675.61570189709
35.11455218153683,171.49324934346788,83.90474058145261,Male,52021.73691808515
37.38060168554938,190.63013985345475,78.28679851980309,Female,67823.20976069837
29.32544815798857,175.81624918102452,62.37987310468448,Male,38641.49240830126
30.387668922740673,169.4319316259977,56.11208313193086,Male,31044.640360660444
27.734601134918513,160.48602655158788,73.35276549745214,Female,41646.789087322235
14.713865517012565,176.25676970788425,70.97267884217379,Female,38559.38386223366
31.80027100403214,165.6840895197504,81.99685444962205,Male,58373.45476788435
46.17770875491006,153.74380750963914,75.38569443112497,Male,58546.12485533845
34.520261999605516,142.08875719220748,80.62643009039783,Male,56941.83876114796
30.939509687135267,166.3996500049675,68.2383020988704,Female,8428.444567736115
47.91943200643966,193.07266881868057,71.6515932201009,Female,53253.38746731161
33.95963612131688,153.65325801094517,41.59026478450487,Male,64788.35019205615
47.75169837568929,165.46594589893473,70.65253410104346,Male,49511.79073956571
21.022392653559415,184.13058061501752,67.753516523562,Female,74497.70326869022
29.903273096476664,202.3462238263307,70.79877767786552,Male,49309.163376792174
43.489127581297566,139.36046541047514,56.705817568177416,Male,48902.33278928442
42.123869520811446,187.29230921988068,53.65083714130867,Female,58720.47945844373
42.7156438882835,159.25694726288626,67.00281116950842,Female,52944.09711208821
40.70768696716458,143.47204643232595,77.78229235728273,Male,41560.493668296425
31.065479391392053,159.17465454890163,61.05144759510484,Female,75525.93948768434
33.09569062791925,178.46576513877352,77.63829792495272,Female,58698.94315539462
26.383812514589778,190.29311223029072,67.29696012500689,Female,43945.94789584605
56.45391858767272,162.73671883049133,65.58646124971098,Female,60359.60370517914
37.89229518824156,169.1508348510011,49.482472588724704,Female,28817.00135678593
26.94633396018459,164.37678762352826,56.71105330723047,Female,30973.596338037292
29.631451076229578,156.75118085455642,83.50589909678186,Female,41121.35236162577
39.670135681354516,176.3534378007372,76.2235050948196,Male,76335.67852644576
45.01138174607909,152.97379194429496,55.32386556537525,Female,23037.412326355563
46.632219525802135,158.10487628812038,61.74028361956594,Male,51208.35561235647
35.57350714631202,162.48661231455299,75.1900353365245,Male,57114.111001338475
37.2214712859485,174.65450551514832,55.51121917912524,Male,29603.98310074035
18.074850414509157,165.95038802151936,75.23644013362824,Male,55873.58582677113
52.94526768149032,155.73664230820916,77.32568188791038,Male,31280.82337776207
58.586301369025115,180.0787236556916,71.13872175589653,Female,51899.81267643953
20.28333976488863,169.0443082399118,70.9852177236376,Female,76963.42707828629
28.99535701814456,191.69437319480863,64.59375028993843,Female,71624.62728091507
39.54124648521641,194.3480441046685,80.91546793811548,Female,58045.595316156934
27.014258698181017,172.9335093247001,83.06665551900592,Male,40873.27427889652
32.095851275545186,161.47757572743927,65.13929367198978,Female,52131.72974510573
32.04473919598126,176.52805468830547,56.53722554087677,Male,48716.65924414179
35.2691342843303,165.55300612977106,81.52786368537866,Male,76926.70370618597
32.29902128942088,172.44399212835896,61.258400908811474,Female,34127.43920656994
24.61372457913438,157.68265291013074,70.62699852534801,Female,58290.32911550679
40.480756495453456,148.80412073244216,67.17347814826009,Male,52932.22138115573
20.024042711378186,168.00274126077596,91.9038001210424,Male,58207.11852502028
32.217862984981906,170.2641191914826,62.20378687104225,Female,59724.99205640512
23.845667816775695,163.30605300957345,73.28238265154357,Female,17076.745418005987
38.41611970775987,172.70451701014,64.09274949544093,Male,22176.644822995426
34.69498286220757,187.86352982726373,63.415770254531964,Male,41832.4955139049
46.30532902410967,177.683969759137,79.91555714332728,Female,38516.13267588893
32.459330617862,180.52200780780632,69.70759421717194,Female,61378.98613258424
36.28498852007372,159.91941279312144,81.50478790334593,Female,47991.144756012385
46.20458666129316,146.09613512269132,64.35742899281436,Female,61894.73421166756
26.078095577406344,149.78475957776544,74.60238837192139,Female,45530.079217361475
20.49438422979505,186.96700672052245,81.89628783077289,Female,65553.56703707365
31.466699687120563,164.78165709815354,74.07102722031853,Male,46224.29882639506
47.638441329454366,169.085403120536,76.01995135827644,Female,56216.95313706719
39.305678862633975,163.81347996629412,69.84212233098671,Female,61344.639653035105
28.27570885742133,163.55522757475399,55.04554912533547,Female,50983.42045340799
45.61433122091788,180.3773626822166,79.59783453186523,Male,48727.08217884854
45.29990484338344,201.66156437660263,88.4764303619871,Female,40605.92086931299
36.49566569663346,187.71059323883324,70.99135638748014,Male,37944.479325455766
40.734830702550916,211.6650076600974,72.3212861190193,Male,63422.59411436804
40.195840963344104,139.81544744610162,81.71288439071591,Male,37089.4521625857
51.10709415838351,175.09542007787343,58.11024923463529,Male,27251.83019393913
44.45825119305037,181.1160654088294,77.1303192136985,Male,41099.1999196245
18.295976987528,159.84969951989436,62.50028084218741,Male,29451.365312034726
39.089769041372264,161.25665010996005,89.22006498365371,Female,59156.26912561725
46.616085456592764,177.16697746284154,72.97119020381255,Female,54629.81135276985
41.524429427110654,183.33347628061745,60.593140743569556,Male,76800.92432485792
29.25973371491716,174.64158637137132,60.82871158969432,Male,24276.6890976863
51.639991786927226,169.6627639845086,69.14717706325285,Female,76921.67109309655
37.231267097763656,180.86097687564995,65.38791081862583,Male,39221.584861827476
22.34999273053713,170.48438047628474,77.92138521910164,Male,62940.31101845608
45.5997244800014,168.1519008579291,65.2352160757056,Male,61571.45897727344
51.25486024115712,184.69751276189731,77.48625610476786,Male,29564.033251474106
29.584370313349766,165.15084271935655,57.75883705525834,Male,51448.63947659854
47.01319976635404,188.9241751917356,64.95105157824767,Male,67566.85448748212
37.406933491324494,151.36089343912457,65.09921337348204,Female,51252.84464582353
34.53659204847679,179.05596516632986,64.45390201390374,Female,47952.85479617643
40.76516205895425,173.36492473151228,90.09512242080928,Female,23864.89952931492
24.431292996937415,176.8773131060268,59.72436890414265,Female,23917.622970721543
46.105434614551505,156.07187965314984,60.313392396037045,Female,46555.37075004771
46.210725682169496,156.3333063651358,65.71329309311339,Female,57657.30723657995
50.54462938478681,181.60558814664148,64.71993143164045,Female,59767.392307789545
34.103328238625714,169.7837634401432,90.69435165607588,Male,37605.086510822664
41.426663007464,171.10242781874592,79.88597479987973,Female,59075.425877591995
49.16886397989893,160.03337975028347,77.38365364052945,Female,42356.76953451429
39.75486384179181,175.41832851818367,69.58250986005595,Male,79462.51270113839
21.304872876775644,156.9718300367321,72.0202241492441,Male,61412.88338947914
39.009100896043265,173.0932141994362,66.13942485610514,Male,50906.31994214143
28.559841479403627,173.1912651355696,75.557028959963,Female,75622.33064212336
29.8342537003957,178.18848382775002,63.90497684730596,Male,37924.953101805775
10.26447700792238,172.4573321710292,55.562328865094635,Male,36084.96447818527
37.56439165017235,179.81731714564006,72.59895894821643,Female,49677.19492907822
39.39643457572945,179.52891400522077,82.35024719370247,Female,36627.67762446581
26.697614255734152,155.20826579219792,73.38109758089215,Female,59950.393037684444
17.62974259007873,151.21534658360648,67.26130458623621,Female,49565.24032743633
23.21550155384804,178.0654259595944,71.00277900967299,Male,77131.53859720215
16.825451216102973,183.5148938923529,84.4001980521078,Female,38524.36896296367
28.596095872223575,166.31008210808244,65.93167052242819,Male,61111.17970761921
46.60903233637674,179.92605047722748,65.65722064080236,Male,38281.86963756035
50.03595877650612,160.01095834582324,62.47283078424068,Female,48122.81112174295
30.423002622235998,176.66291381080222,49.73203363329673,Male,47709.971062097895
28.305948858139512,153.32460890317665,64.99941315642607,Male,33288.99474047539
20.759482860406685,180.65699708102898,73.29892172011043,Male,59083.760298988505
54.53113422951098,167.7587479174711,68.4630226871652,Male,24365.107912178577
37.0361238384125,174.51338920192563,56.11590187742467,Female,64900.49066185025
34.79333617057931,167.36345652050352,40.96076134012297,Male,40888.53103777572
29.929132906951942,190.08295514338104,43.857910484170745,Female,73448.19284552676
42.395381468246626,174.58798386344372,59.74496642299176,Male,71021.26964338482
34.497497796497406,170.71886117435807,65.25438381780862,Male,72956.22567540649
43.728252937335895,162.40045535108032,69.00081585362973,Female,56252.44767244461
51.63581103600799,208.2000156699223,60.54136900014329,Female,66965.41012389166
44.53828741378044,162.7088963717994,71.8586924313408,Female,62771.20093727876
40.73027818766195,147.33918734514728,79.36018759171239,Female,75787.27412628038
28.653828808890502,226.48497362750885,61.408297270811175,Female,47309.255598316005
26.019256784061007,168.72532710681003,62.63025421207614,Female,36429.67070387374
32.33461297897563,151.71201586345617,58.42070702334605,Female,19091.96360260612
22.696019451114054,191.77704564347945,63.43285014612738,Female,59871.03371149129
26.95151084779649,152.30814705032017,65.63000415653153,Female,54430.88671836101
51.105727574406686,178.53341555148336,78.63790970022382,Female,58802.04511886031
45.365333355470625,185.79067187371632,58.87131571733266,Female,60502.97350073267
20.866380154610276,181.47275150239426,69.91827390091281,Female,41480.70502844456
43.64447095177208,147.56986279283004,64.08935782304238,Male,22063.150365601057
26.958397493070787,182.302680068069,68.13508307951378,Female,34173.36976892681
27.212571283097304,162.01025673343608,79.09380627409716,Male,13862.469235697215
33.95298616631678,161.65984065082645,63.76885954887638,Male,19996.45145962439
35.17679297664212,177.6472157177867,64.50074571340035,Male,32377.536033232685
36.14437211401179,167.5068157826321,86.0741020148621,Male,64386.794803998855
43.56637124094959,164.46362317374226,45.71585900230216,Male,59474.38893877797
21.158518359838496,199.69651783541798,66.81505988688349,Female,41393.871728037324
43.98828455605419,177.24292390914223,58.600281614686715,Male,39067.4517908836
34.179732457586276,157.68433914567322,63.07344243441623,Male,60568.11089410156
25.7765248436504,176.48107248636424,63.248292411775026,Female,40622.79594151778
48.79643178046356,173.13776593906945,79.83412311514003,Male,44436.709397672785
36.50197701633848,174.19977489804018,71.60389257477,Male,42668.23170661593
49.466709618656715,155.64152570728885,66.00585073007124,Female,55046.48660348155
15.532416277994372,149.65747398021588,55.26738590998755,Female,64423.91678812556
56.39822790850342,155.9683199484298,76.99823579429282,Female,60603.92628075842
8.5931327338496,168.65780226932654,72.11072733777561,Male,69567.06897044115
55.995880459391415,156.28760445659827,58.514892693076405,Male,50046.06071056065
17.247952244223164,143.7576926034208,74.04741518746532,Female,46798.32583692133
30.183201546529528,160.83730698821867,69.02128031887672,Male,57811.71985763151
50.54436831805252,165.02715267388373,36.19825982189229,Male,30858.85309088579
34.42782295327175,178.11236089524698,48.28978741110167,Female,67693.31629789714
35.795351905968936,179.85577245463477,82.40246737601476,Male,62414.7591445082
35.1520729386145,160.96135119273794,88.53221734386901,Female,54671.939492694575
18.740039204327115,167.60663688757646,78.54569131491519,Male,46533.567825515056
32.909527474016286,202.72089428509878,61.90961429361322,Female,57495.9874958316
40.44602876617683,170.7210880466016,58.15447683979248,Female,58748.836386467556
28.553496835930503,166.3546572052458,70.39105726779083,Female,58196.05002608177
44.441189654734515,179.11200893533368,75.4321109023885,Male,17465.266080140653
51.39935185721086,179.49964299243524,74.95085072423274,Male,58917.07847525813
13.83535856295115,147.18192812113625,51.07991447741606,Male,31232.107411658944
29.94740000189685,178.7868256860789,63.879964659195835,Female,35781.23130762881
30.46771635955377,181.2445994876921,84.28569945426243,Male,22280.8103418275
37.916466070342885,176.4512291010918,71.71501114457547,Male,60863.200471689845
32.650825055481384,176.38572462595917,70.75411753482527,Female,71183.42787705256
39.63253067262064,168.08658031009256,83.21313516493319,Male,19919.297559235747
34.128016780300335,177.40486284507332,76.2751129823796,Male,49673.6820769027
19.24377850387865,173.91392023671867,71.13020481609558,Female,45106.59995447444
29.637482908169464,202.1675309201757,74.79148245130574,Female,65301.80823047955
33.73043863614374,179.25930699817295,86.74003254569077,Female,42773.63556385465
45.53409221673313,165.20167465373072,74.29594073661694,Male,38501.170923510996
45.564186884613406,166.29184224056715,71.52264239132099,Male,20537.969461225402
31.402373765683073,171.21617572413203,82.67301173470705,Female,58696.15749415517
24.713701921927402,172.25308739313482,78.51534390012826,Male,62085.78174528823
25.59110200472894,178.68883293342907,61.07795003213151,Male,52827.67607838576
51.091965385492315,167.79443404148154,78.4592639699111,Female,48849.10542029268
42.247946701224805,185.4232945803895,76.69906308272087,Female,39018.26526464252
34.66513718288866,153.3230574675107,64.6356543630737,Female,34380.51294743359
22.00518558353187,182.6378265149856,65.84670781426675,Male,54654.97560476347
38.34766097580417,189.92172331732468,82.9345666108058,Female,41050.85201878098
31.044790365357567,186.41319022565764,68.4446385591029,Male,21314.844153354996
22.5165282833825,152.81919870626504,71.2439219606738,Female,66974.81452454516
40.85455604922577,151.52157346608578,75.41375732625451,Male,70155.82541439519
34.80721615623769,155.71390601568027,67.63719599200907,Male,60186.734578033356
33.307432428144914,154.65708263999346,47.89239823507202,Female,52493.84922614059
46.4112095213016,183.5907620527812,69.6669645644188,Male,54575.97973215667
24.21476115899591,143.04499206027086,76.77141823772989,Female,22483.67406041569
30.2359911587393,161.87156372135598,70.80623604325002,Male,58283.80578208878
48.140565607274624,153.1358135634107,74.85636173777469,Female,54175.86540635011
47.43842497904361,157.24091603021034,59.50366851234864,Female,57199.90681898171
42.86532116682847,160.02990977454323,71.68041294779194,Male,45094.70214557083
34.50276144109532,170.981033459408,61.37098977735957,Female,52444.07517294567
37.415111713886546,200.00722682965267,78.33368746284332,Male,41879.03580222687
38.474232753944655,174.0386640056184,68.02468528683397,Male,40270.940902262104
41.8695707923456,185.6453705842515,71.08200442337304,Female,41182.29533863644
42.472127453345124,130.64544150386416,67.99577433368185,Female,51566.47812789751
25.991308268572737,177.9048162576665,65.12946714359298,Female,47909.259325789186
44.64451336087326,198.68811985870042,74.2136576599331,Male,43482.42591781403
31.62188531852331,163.13598020336696,65.95300594882224,Male,65738.34026294477
42.284632767905514,149.8592111469711,63.36606088662453,Female,57446.62285685299
35.05228241939285,159.2826085196688,76.94353817573732,Male,38849.147054746485
41.52238082528109,179.16481972514936,66.8391446110375,Female,76661.13087305683
46.57949417180992,191.46477120501956,64.62487842590379,Male,58086.27326236774
26.76404276164807,191.45008115300644,83.23462820812372,Female,54058.050199014186
35.11968495066567,170.22842412909435,60.138800352904624,Female,72021.16984528584
42.58625449401493,166.02869018467302,69.36433366358978,Male,60440.44423061461
29.84847996707414,186.50798194849324,57.56432534246953,Male,51250.863374604356
22.3342754602735,148.37135510173783,74.67466677386174,Male,56130.88181027444
34.41996756514418,177.59118754506048,72.90628176649224,Female,47497.73394819656
36.795281635706544,178.3577036325029,53.62383658131199,Female,95816.94080160849
25.449089748476517,173.32891769019423,80.6095145447366,Female,58373.595989521506
26.629915613941726,178.35579355916062,81.3094040397704,Male,18536.17922402457
43.26808566384626,170.22049430427597,79.08269271916156,Female,46869.64112713079
23.26093123974979,153.1970719364994,70.01469935794435,Male,45494.72334504286
36.89826601455169,130.0622283228549,69.94749659334425,Female,54113.16353953652
32.214233866528254,169.6098802853117,53.36791262833947,Female,48762.266876873946
30.60086258431803,143.9358043226192,69.94543301954882,Male,13773.605543104131
40.79505873854514,162.41493778971974,72.3640339194597,Female,36412.2929358383
39.80271102446411,154.92434288529972,76.79118202607326,Male,41050.781056465334
21.4881831895863,189.50336838142363,63.27547352365902,Female,38564.29047966087
56.91107200245368,151.84300754119906,66.92957084638937,Male,63991.90793000068
37.265832806173336,150.1289834771319,77.9289756777052,Female,40218.99453888182
27.786981760553573,158.77479376923435,51.5165875616464,Female,60242.53445246104
52.517783375188245,180.51724226363848,72.7269322357993,Male,66737.28950655992
32.12647976520974,165.49803145890914,59.6091622715976,Male,80230.97696382234
38.236171101570704,182.59721561915933,65.16230705381489,Female,65685.95357486556
31.8250693993295,166.7278623434552,69.64761573727407,Female,62013.595154528666
38.56493056574562,165.5616269337382,75.60927524226642,Female,30672.716904875044
23.659919804145364,166.9936572193746,62.939107569035606,Female,4261.558893100482
46.02277462962333,150.16053947563807,74.08607746571363,Female,53439.12051814553
34.89943953459174,200.66043151648637,76.16872097680317,Male,51543.48936569466
37.51754213610219,169.24794214258236,66.40267470321456,Male,64515.95544881528
31.47952999080549,169.7161170602368,81.50721663039597,Female,66075.96949805159
13.03794115261896,168.6696260401791,46.480785309042034,Female,81936.6923822755
31.58641661755813,172.02801086604543,86.3021651415952,Female,56953.15237883829
28.35118330737071,174.40002907449596,70.35810979120818,Male,49443.99342963994
37.337524717720186,160.99039525694883,64.6186587226197,Female,54802.07010130345
34.69141533983486,163.2158121147578,56.26399786192993,Female,70090.8457387068
36.48423084195835,151.19784716068352,79.94801595931925,Male,52106.73107971771
35.55398892170454,183.40930280740753,40.41194904758963,Male,39322.80915173223
27.540618345259567,176.3537726127424,77.52818452347042,Male,54911.948561924946
21.891617824961394,148.21881083862547,63.744045882137115,Female,33303.9640702606
27.94299442003252,182.3238941732818,63.58904039365608,Female,74445.56256251351
40.252464836804464,156.88924664198765,50.0274068035421,Male,45297.28837594553
19.64933786777099,196.47909465544856,64.70463048699008,Female,54512.43994738898
57.82219961039298,166.46343931560955,65.03736512906379,Female,51148.639164206965
50.444111190695835,166.44340407827872,80.32237378591027,Female,45382.10904933502
46.22528515859058,190.39070920877282,73.01300065626141,Female,39607.38916962994
42.14011620683612,161.6861257777271,73.38618160764194,Female,55110.65086586455
29.826197069264985,172.79841949064365,69.16393082329633,Female,45990.246267799
47.14583364481316,176.75608387806975,74.47059361920724,Male,28959.47880301489
34.87631201481707,159.2233014740282,75.822099199023,Male,58180.12637915893
18.11915520563148,160.72703989960684,74.25665071175113,Male,65727.84944525604
54.683206559163196,176.18445530389278,73.54198669706624,Male,27773.707649349493
35.08829342436923,158.6047421003287,57.77653514263584,Female,46296.437264562934
16.9880194713808,185.93544067338468,63.90399367419597,Female,32827.930156241295
50.08437284323411,176.2707476785145,67.62797354662511,Female,39863.19183044322
29.03660245050678,187.064807856168,71.19238448818925,Male,62410.2496148904
31.849573735402398,178.98247525978502,74.54469891169946,Male,38534.04318904516
37.81592398559475,165.82892357678756,66.46249497717434,Female,48311.600860152634
33.01521505492217,174.7325306390888,67.6926285410506,Male,40326.1341295171
41.02447708343221,166.17394659461812,76.5389661153321,Female,49784.19840547585
45.48872904007506,168.52441537063723,62.57545751970146,Male,57191.029586150784
26.044335328276308,161.21176804367698,64.11865753338714,Female,70541.05637862207
33.29110094415555,159.18306372901378,66.03165437087083,Male,63756.00657590102
33.83256797676708,168.65695704417433,72.10628665169124,Male,42255.34158263424
25.14650742593364,175.17227320705564,48.648683650068065,Female,52369.8485183328
36.46287421183349,161.67703574958182,61.964436371707464,Male,43540.40110879151
29.636573888176486,182.72449624798767,76.25361290336551,Female,55157.135042449234
43.81777248882615,194.91227122003684,69.5008052763068,Female,48053.47934121006
40.397116888087126,177.5963657204439,76.32656304906455,Male,59420.99623731937
34.60454546735055,191.63539735306568,63.44077437754595,Male,51928.1789613943
51.84528267639983,188.1136584783305,63.585937418373575,Male,54167.31982879722
37.85461167257802,166.60970879510256,84.04496916752444,Male,31314.877747837203
36.73641885094772,188.73734723033712,73.50045023136472,Male,52135.28836834262
42.08481351594155,181.4433782833684,62.29840555866102,Female,75763.95215266183
34.99306166472863,153.87215951330168,49.77429227573668,Female,62097.78345669407
40.525698495760615,165.22230377658033,82.78616167404067,Female,58790.17275260262
24.127678867935007,168.0019976015981,47.82695766387974,Female,49021.26551342529
24.150964496582567,160.199770002459,65.9276757513947,Male,60579.28302427697
26.138692431854608,169.64509830170616,69.31765446253291,Male,25907.137232138866
37.53132044498194,192.9957198550903,69.75529935520105,Male,46658.70088431695
46.715409409904055,173.95350207734958,88.5492168757759,Female,60456.56441763112
27.19647784586928,158.14250451116982,80.7568158869286,Male,49101.33412081516
29.72724418334936,175.17262515128613,56.109796569400984,Female,76290.61380342627
28.53284406487144,160.23413353065456,66.87093583391878,Male,72207.90059311263
45.3022282537177,155.0863112155793,68.29775865123415,Male,72310.1125788115
37.01611138064575,191.94893252145903,69.85123762980709,Male,62312.83798055514
39.17735745377154,138.31607224158213,70.71289992852108,Female,49871.862305960734
34.46306415719371,189.82893392490007,73.55616431388823,Male,37273.21059774024
37.188137570139446,137.05822262302115,81.15395140520866,Male,43885.91491203146
44.40697632397031,165.43245232668892,92.70765158509852,Female,51860.37299455826
35.74525379546332,144.81884694726244,66.42276218549588,Female,60403.592896062444
52.47189570823955,179.27698219825473,73.10924194070385,Male,28521.882447366734
44.42390958077059,184.51514877305112,73.44904528100287,Female,83865.68737652022
47.70742189355063,170.3967704466534,61.526501772166306,Female,58386.422757648266
42.1440481475603,188.435261658389,74.24854695599579,Female,53651.70857507541
39.416837032129195,173.60620628636784,66.37051750124715,Female,49193.71819389519
33.6817182065829,172.78710688895796,70.81557753223646,Male,31847.318412352168
45.959492356748434,153.53271720357452,82.74845071758493,Female,45538.99914404114
49.593923670291154,175.91791819266933,71.99405429365898,Male,50942.29315119347
17.963186660365043,151.48590169630765,82.09984327513729,Female,54800.196626592966
38.64789470057688,182.27111352607025,76.07952611876239,Female,31566.6895519421
44.447018056441145,165.09186914949024,73.31154658301222,Female,82953.35625558265
36.38339015759612,162.088792816101,72.36882229805819,Male,54979.252773309425
25.374178035056843,169.13773612115594,53.70961001590497,Female,38107.612715432624
17.837329179011693,127.1070262474162,75.60268065591829,Male,60237.364076113576
26.294277485805736,166.82739026235294,75.19028392224574,Female,60683.040292068785
30.13595082461176,175.8596531140159,81.4741054477932,Female,67535.35431122221
27.796267480540685,190.39752050857354,49.145080625357416,Male,82002.33894835052
29.16692747728615,181.87430281140834,62.13620212804157,Male,59062.15553263455
25.537450342347935,156.8494626439692,56.326355025780956,Male,34395.771682887396
43.446731248693254,170.25983781077957,53.0803955565319,Female,44593.54508425311
38.71341712381598,167.39096274492812,69.71075383575453,Female,42649.90888962958
30.854512142594906,156.51277910534316,58.76579619869378,Female,55915.438268434125
43.12044899616971,171.26783827043602,69.7672751981815,Female,48659.04722677444
42.55479613789459,181.96193481495794,78.34503613396885,Female,44690.609896252376
31.623055451780424,152.28568311560898,68.9998810179838,Male,56490.46165592767
28.287383293829716,159.54854870957104,71.1503657296043,Male,66541.3001706839
44.72721287569243,200.61791392639805,82.84153984072042,Male,53545.262867098754
40.20985504183924,127.01513726602508,66.3855999464686,Female,52697.08969960468
37.53230458913021,167.30107890937705,71.15196180362268,Female,44992.71038625326
33.194745959678784,179.29712703479896,64.81102212830093,Male,53852.94059407088
27.692646054168723,170.87248475003526,60.61794543636822,Male,55556.00033764618
35.40306501415427,157.85656617983,69.0240174978021,Male,48643.30503676204
35.18214155215297,155.25355718168058,65.09276305678068,Female,27667.913438041465
48.19642895638849,178.18108750955707,66.52769105768,Female,69360.80262740453
44.825676753778595,188.0779326227551,82.03988557713696,Female,54384.5500497138
24.00982326208602,163.61661431695455,57.76976175154614,Male,47040.204069562154
36.4799790249359,165.48247549076618,57.89176742526567,Female,48256.96334045881
55.60370859638222,175.8253750120451,58.131725587205636,Female,76603.21697299516
33.29019813931035,182.93333867187528,43.89889626863507,Female,46427.211944245726
31.647868553579922,168.5131135829206,86.209966779422,Male,27316.059120945647
40.87278497330357,171.4181678356889,74.28459655438814,Female,4240.089903297936
31.122014580836257,172.72224715357171,78.7671763774517,Male,41205.311782345416
37.39281913946215,190.44375557755714,73.12998874068643,Female,55405.07136879843
17.779811914076497,149.80851144817737,72.96431119244697,Female,61289.36118836079
29.335253758466862,218.04359798792137,68.76796700450726,Male,64869.972891261576
20.091462249908812,161.41414759592823,77.39921796831119,Female,39477.91195643118
33.6057612316265,170.33128652219756,51.131437106837296,Female,64632.206212364006
33.14025575907366,180.5651625159285,75.12341215095259,Female,62261.294303463015
40.162879872722925,184.5806522343633,78.7709451151216,Male,50961.587688661355
18.81112942067944,179.50141232011737,70.62729622125282,Female,49337.30611506772
21.809686063283593,174.04704120955665,67.11597876680858,Male,44395.464921074774
43.53547900196517,169.34377643201205,79.45764423260502,Male,59852.29886358606
33.3852079163306,170.12881970208403,69.58496825706746,Female,43427.33836868374
40.62923616739016,177.62619101464412,71.01454381235229,Female,53637.645193135904
18.02479281618358,197.2014750244883,93.3055701872673,Male,25495.835152883974
29.186157488439434,193.38838502389274,59.16394844612787,Male,53979.395080113994
41.6276180686023,163.22218011558505,67.04067845809895,Male,52214.96801844943
19.12501426384493,191.4360061663299,60.43537712134938,Female,54203.97980858511
44.04845408845721,155.05152026460425,74.2442459917415,Male,52673.88510171474
41.36583658945885,180.64463638527806,70.71997865933729,Female,53541.03598897125
25.293533386412225,179.7020061175844,83.50118113118684,Female,60374.53396172442
38.64537394185393,204.60375208116514,71.09943248221349,Male,61939.37125340273
32.7847546562747,172.35212593287238,76.88368540172864,Male,40288.05188384815
28.53366627900928,197.43440965885213,71.0816465511597,Female,33637.97193251972
30.291551959120117,176.1920507733501,58.47246970738724,Male,51303.25858841456
20.688405296787735,164.99789651651463,68.73880919616506,Female,37477.57267660112
35.89054744213009,161.34172805648777,71.1169061095815,Female,40540.29872734455
10.263694758468553,158.13751242773415,47.08025370388967,Male,60573.932295698774
32.184840705011915,182.88735355628236,77.03030164793093,Female,40796.87882327894
18.729772030839072,159.6078373674606,65.2613876916312,Female,29153.095357450493
30.621185883004546,155.9043521434113,75.0592512641801,Female,47584.40259082342
49.96915277975924,161.33862437105785,80.7257864955685,Female,50224.86077687607
23.22817352818909,130.18026019125327,77.79608906397321,Male,38796.48478540921
43.20772615345106,171.39857831471352,57.17542061714753,Male,35586.06155114367
12.339703402225865,138.356698871734,60.58416354672581,Male,60530.794970807605
41.04671670821669,179.43246089759367,64.72120518539374,Male,50023.40912556881
37.74770756095774,157.19860639221054,76.46897318876913,Male,75209.22417613125
50.589676561461836,171.01539030757525,74.40944749756056,Female,32117.411495691667
37.50961649527025,173.03362487469226,56.56591402215971,Male,55879.290826484386
25.88851620184772,167.18758893137638,66.87722038777333,Male,44578.38034911206
61.28329690247902,164.44793855726238,61.199442363843566,Female,91490.01752459837
36.84791088631641,193.64378416053168,69.09265274752292,Female,38434.48219790536
13.035744763521905,147.9114434508661,68.84114379629133,Female,30508.330628347838
35.993387880031605,193.897806389808,76.47888021020087,Female,34278.9525684266
28.63724905350216,181.00524349584046,74.17634182404262,Female,23275.567805229362
37.59103378686525,183.2556179273636,77.2795614021706,Female,53575.12838376116
23.618172302368304,165.81479994117652,70.50968114599144,Female,45207.37222783961
15.637311903524832,165.37370470260262,66.83929888913552,Male,53976.288991337555
43.930837226918236,183.47632417974535,92.5015006182553,Female,65841.7792969558
46.55560882669043,207.7705234205364,66.2813410664576,Male,43100.1492697837
42.70595806395717,168.8083180625583,69.84430007498457,Female,59807.70471939274
35.851320162919976,146.86594695586888,70.6211065881833,Male,46748.01673804856
30.464860912286742,154.3943968836168,50.34143912509866,Female,29977.092533925937
20.134493256915476,162.1989819202899,68.38290997575525,Female,47440.356196483815
61.235006013129066,176.40259698071782,59.16326487355731,Female,28546.729726929767
44.179385150497566,167.83216967566662,55.65585733898445,Male,61901.93761168787
31.318474195368,173.52580963772613,84.2110446990377,Female,53733.90257140591
33.233163432155166,162.17437502738485,68.4561605753462,Male,48002.93832763551
58.54746687578128,155.43164504026254,82.52577809802219,Female,67116.1507840816
38.45145519386216,147.38194271583293,80.3712643374885,Male,56711.091244621486
38.718558478211946,199.15759220193945,65.75880125006717,Male,37381.9069917246
35.170333999926,151.89024628161022,69.71201818078806,Female,41301.07186277074
17.907440459719393,182.7699667338792,81.49506580171465,Female,58423.82504966737
24.89975379519595,186.3511143839996,76.99088810893184,Male,67355.88813527494
35.79495913594857,170.170378600929,63.59044078110765,Female,50031.01162952867
30.157851619431995,157.8468622181547,56.30252822677601,Male,45907.81464782817
32.012936307411714,161.40978543613224,65.27650484113171,Female,57587.210065315696
43.22078730679738,168.54902043848716,77.85474197608904,Female,46145.74050130874
54.529321748013714,152.54911010457684,64.60418282148572,Female,52154.73616111236
27.38346148875353,168.6342758551113,65.15625724981633,Male,43322.03126790605
49.149700039389245,188.93760931799022,68.59092049334292,Female,59093.12056115757
13.403403807470134,165.54121881416816,52.59355502405828,Female,50699.68862050652
23.828907543556852,185.12383862397886,58.730151043198354,Female,40279.97466114402
50.513096559262536,179.2562310965436,62.52773366001208,Male,56449.08709722146
35.293364721738165,175.74747884699912,72.69414376693182,Female,37126.15239961431
31.835475276837876,170.40331648341825,69.03641106841287,Female,74888.84634015801
38.238882149775115,167.9254011276542,72.55789320127802,Female,55126.9979146742
42.17262083110425,164.72014357115089,72.14535926254743,Male,43759.14699055566
23.949411088899907,156.53129121666083,77.88305779869404,Male,29882.80366277472
40.21907912809955,188.86726007417,67.47640656439205,Male,46863.208530911135
19.526176743945964,184.71703171826377,77.0223909833183,Male,47888.34073061641
56.88921347247782,165.12059746667137,68.88822238274959,Female,41346.68049305434
48.08222740986324,172.16573149090053,66.62965970358012,Male,40062.84147154438
45.6844238514924,176.84483704207543,60.96478773761126,Female,33019.42313211497
27.0288147682841,162.8146917436289,83.89089905945777,Female,36644.52573941534
43.39622277756297,175.77823534644534,63.60570753061878,Male,70459.09073989272
36.64747074374311,148.07174621604972,63.22569204031909,Male,53608.30281334983
27.597700973281896,172.1245104267276,72.13666006728299,Female,72574.70114124827
27.12718329004469,159.51492443186646,77.14020780002055,Female,20443.31840293885
36.28060196611269,170.11626793172798,61.95123023191437,Male,53033.47184292867
19.308140730525302,177.9745676288992,75.78155274194181,Male,47246.052003905315
26.936829115209225,175.1787538382499,66.00714676081834,Female,48793.031950186494
35.47364962752602,195.18307889623685,75.60849342965614,Female,54140.97023475979
58.900348102593085,146.2759706657249,60.49134083165377,Female,33003.9666238757
16.347190894464024,144.7018742688511,55.21007308187063,Male,55380.957176983466
40.58019101140797,196.6501245895304,75.28655812021275,Female,54700.23303053428
41.395097387475346,165.60624064837535,63.14293110239108,Female,73899.49194828144
19.093784751241415,186.7864880761053,71.77976081348027,Male,57488.6001158761
39.227225225224686,165.04013115446185,72.67828838856462,Male,47247.219883778336
29.399429486176935,214.61725995487208,67.34893355120197,Male,55704.96977747879
37.56805672531103,157.89769549755252,80.16573066453705,Male,52181.26104977587
29.029465194907594,182.0232714366931,77.57033087582269,Female,64461.80777304667
21.250135733245365,179.32462584793006,70.78329358948912,Female,48585.92390804489
26.931898109317377,161.47292378164047,94.88059290083291,Female,58974.27407597078
43.31521035248077,177.08455515900283,78.54390859401941,Female,45901.58733286816
34.41769907847017,169.77854267793677,68.79725291878322,Male,39792.93992177684
21.294637183942662,168.0857861055154,65.63892382178084,Female,48290.995896343025
26.818541351091717,152.11927313889407,73.35207620353376,Male,54805.8739745
29.451437659556248,156.54144415969856,68.107346717961,Male,49265.83134497815
32.81837031464143,171.23150585152914,72.47940331230346,Male,34992.28801125582
43.43756884823916,181.7279554979762,77.66990771008837,Male,25245.50095048336
44.85685361974549,166.99993134588266,69.20042822773715,Female,25051.6550559111
49.75929478721615,159.82520714920562,70.40200253172766,Female,58204.93420231098
47.950610206404036,189.73067871838302,54.915543036406795,Male,63242.99113167843
26.824853779234985,167.1522276388355,83.68932169583947,Male,47261.37073169004
27.330896866161808,152.37472595598138,73.9157837059325,Female,44744.107753873795
41.826940897808484,179.92986163765943,68.3040754468783,Male,39541.12152022969
52.757629007722514,167.9833116540308,53.485916181946436,Female,52264.13405333052
31.033691746616128,141.08572170912433,88.98311241769969,Female,51335.54558922773
28.981976352696282,172.88788396776155,61.66117780772991,Male,56182.456696904104
38.51406407499964,146.78554157047526,76.36845677550983,Female,41462.28779677404
28.717480230063085,160.9810155008328,58.76858206870196,Female,39845.386801754335
38.24001034873511,163.74584226458796,84.77033301560019,Female,33300.60347505564
27.654751663285825,148.7024319425359,74.16617598591107,Male,51373.1543662547
22.033491440023028,154.71570685174035,61.629705557027876,Male,52372.22358076268
40.44800054819617,155.130868701729,65.57828838169686,Female,66226.94538281199
26.16241126398544,180.3121783658688,67.18425109264624,Female,46275.35857399216
17.97339045518241,193.14570891770538,56.4283146003245,Male,61325.482689371114
41.255295516244885,178.8302433835078,79.04627936719159,Female,79491.23226756757
23.88393053051168,185.12299787350165,96.80633384004065,Male,54518.8353763828
35.7567486732872,166.39647546502562,82.76219782755136,Male,30104.106916179702
29.584619697122392,169.8995359464985,65.34670578136016,Male,58473.94426428751
53.46208066627837,154.51312681860745,61.39096285899967,Male,50451.546646902294
35.40522950913564,161.41401263908995,62.22345169510657,Male,67463.63276987677
37.399713281580695,181.15768866120013,75.74799327003917,Male,56149.152902198766
46.893810779564745,163.97107204711259,49.28263041966736,Male,54311.893185911176
41.21078931302524,149.14497402512532,64.84740930570563,Male,57523.286156346316
48.435637712573865,185.69640918211937,73.79529582472972,Male,58048.29638834251
30.81053322318995,181.70393303586295,70.40868640781478,Male,50521.50575291723
23.930990084070324,178.82118919137125,91.65764568327798,Male,57831.77890508491
47.55395214643208,148.41781715314463,72.55473430684793,Male,50645.835540052525
35.001982083371516,148.8263324165222,81.69543495889216,Female,56233.36072512116
24.310389487124915,151.25258839681666,71.86432169622404,Female,29816.343296193147
43.693391064409724,161.56237715408014,62.09706322817005,Male,40759.047251912736
32.1002091132115,208.09221272190354,76.98743702062183,Male,72554.9117297943
40.50083320881382,173.11299195023787,95.81470258709514,Male,65196.81806582259
46.845717279919874,181.27961635279465,68.26041044084234,Female,59904.9562797494
37.97970433560268,154.05835547450877,81.8781361899938,Male,48350.574711378635
30.509459614036732,169.48450083451755,89.99043674379486,Female,29395.318203009894
37.69002012940233,182.03086727814588,82.72931272006679,Female,42665.31924289871
32.46304015409318,137.73091203863697,57.23912925488093,Female,63431.18949579861
29.872864997426547,151.48309268539967,57.15302088140235,Male,53211.60832301449
37.6016912737647,162.35588792810506,72.84537149530638,Male,35527.47205535885
37.080838354545754,155.0164067193023,67.53283010969305,Female,37058.690600171045
39.05955227207409,159.10181932719954,69.33363733607578,Male,58765.65378959045
27.788530140111057,156.22564797331825,66.71534849283177,Female,53827.57366358177
48.12392001596939,185.79607915172295,52.3689162085951,Male,56195.478004832046
38.64875963842475,160.94929530175148,74.46712942352725,Male,44958.03646237769
30.659914016025148,165.69744169963533,59.20822057992982,Female,61948.86040022407
32.644133542363484,166.46025051070984,64.83151452561452,Female,45760.87961451606
36.327960121544194,155.65095332970816,71.10406456711252,Male,83114.58260307452
33.081914258432235,151.36466947926993,54.09181720167638,Male,58817.98166872075
40.03238189589292,172.73265542837217,67.74908163005468,Female,59165.02059697715
30.934685279551935,163.20455617461533,57.10536169375713,Female,43365.3729273072
34.55561535599583,170.96184384020845,59.519164281213776,Male,60289.17509191555
29.921343516952838,166.38154201617107,66.51698557334022,Male,37959.30609831143
29.39872910303425,192.98169970452918,81.59088318958385,Female,61809.07796281336
41.342015647831325,181.30013324329363,72.23821000294056,Male,65193.04731173173
23.92624748981523,164.81095247960045,86.87312769540586,Female,38999.906610346545
34.336777644660195,155.0487916536991,75.00911177427307,Male,41012.959293512875
28.44888459188998,175.66073060519847,72.97913682647112,Female,52447.2267189581
32.69146717713167,197.37118335360373,78.83330619980823,Female,36537.462863714696
22.116063135000747,157.07263036719914,65.14549988681759,Female,42218.90517834885
36.100815408635384,172.72717021535965,52.86686593047023,Male,33934.85852501297
19.97232258620216,130.9426239735985,76.3937836126359,Female,71480.91490467064
31.517324517780757,180.21338622113967,53.61748453404843,Male,42496.10632446054
12.29102067526966,168.14590884002834,64.91750023252496,Male,51862.27562634941
46.987695315564274,153.66319539288367,66.71258739888022,Male,62694.39348612526
33.73047479766465,158.3059094362909,65.3050765524492,Male,68372.49250592169
35.80060789643559,173.47672008527124,84.94162319102155,Female,76022.23291098185
32.68422892311123,155.10639499053445,69.85057691763366,Female,30017.279425646644
26.635047716090277,162.27082233773365,82.93666817165575,Male,50908.23253554617
29.963264047799914,157.40451282103652,68.4021598244911,Female,63365.71736948369
35.150932761130804,165.67382765504928,72.29376349349725,Male,61387.966961488404
35.29519602416471,155.31374847748907,73.2394969801004,Male,57590.639459129874
44.644305405514736,167.30002297365905,71.06943345634335,Female,49719.79420322168
26.81780600261039,171.11286891041436,73.52475707325513,Male,47520.22796701854
19.95322677559139,172.5309332524165,79.59748467029817,Female,57140.90680387839
32.34769085692796,158.0248048735553,59.59953080960478,Female,48830.79870459696
46.67232948010283,151.34324874005054,53.608485994037764,Male,49869.89745428697
59.84348534614445,168.160380369396,89.81322016411661,Female,77207.3616306215
33.83074353523707,184.49326431117623,59.85839763514426,Female,37964.84743838226
35.57848191558611,166.71701080176425,71.4735266634403,Female,46439.40875576486
20.92721546465208,177.5581339052386,91.18534574952665,Female,62184.82972575401
33.3413224139763,176.03559957974903,74.74471375547742,Female,22313.79066955326
17.269255360170916,146.22168003418466,70.0342567921746,Female,67937.99443102695
30.83072176172164,200.54432182258955,76.00169162561238,Male,59858.059499735486
46.52080561466685,176.54648609504963,63.01713256227697,Female,52271.34983484846
16.256590093177078,184.68450143203833,63.54694290086802,Male,42799.32369948375
62.43762093731033,165.34640868190516,79.16288492922195,Female,21657.394736281683
23.960184038507485,180.81202001113186,68.68284583836325,Female,46986.105089267425
41.794061026449135,184.35484983477582,62.98243447129693,Female,36555.32846528619
40.394378509349316,163.37355305533112,65.75560626632813,Female,41578.71628902637
19.16454584515831,156.90137908722141,70.0271037216175,Female,41734.37042541935
22.528785886625194,176.04294307319657,61.0391311330848,Female,62529.58785115381
41.57378965544566,179.29515564851715,70.97734126397934,Female,45859.812374531364
42.790048630687934,181.0982433476296,75.94786906748008,Male,53097.21026490423
25.074630034389997,153.83550212282836,65.91910164610758,Male,56669.24830976245
47.72726678842888,179.00470776430257,71.91648142995768,Male,38793.65925026339
28.87677631501345,200.94005062997022,71.89152664450316,Female,33250.015320887695
26.302075655914564,177.47004731376347,69.02305063124557,Male,51664.95723712879
45.31348097045196,154.52277505029383,66.9219070843297,Male,56415.59008160235
46.151797475882375,157.94454690490187,72.81070230104123,Male,31816.404619369157
30.001572748464454,194.75576028115978,61.83748990419582,Male,39977.11267333147
27.074985896804677,167.8683603900141,71.80408247914337,Female,74764.42148554808
21.48167913054735,182.3802683064005,48.02392984395586,Male,52752.80884400574
39.76764491550237,156.37390607336357,71.31577349649369,Female,66475.49956326393
32.24285269025893,171.69259905766623,83.12327154720903,Female,40029.46544826642
35.45778541256469,147.4740959360288,75.70166156226315,Female,55526.826104379725
20.128061171048532,166.8087056697031,57.80876729141772,Female,49505.40757400263
38.470011831154416,169.0773313112027,75.66726317205527,Female,50973.551749524355
26.926232473012,163.08655424578615,69.34215081782233,Male,51254.757038387295
12.034359650921115,201.81984250474707,62.63299461155973,Male,23311.156069712222
42.94663139740632,193.41428654294904,69.55696998617829,Male,29527.903783660742
27.44183804580036,180.28283891359916,61.644289215563276,Male,62874.84821270828
30.66395621352796,171.26463233371302,63.67702948835148,Male,30696.874708694933
23.39585030589204,170.37747456558873,69.15256835888664,Female,48357.06892748392
33.28549341153381,182.82780754570572,79.4239090603933,Male,42085.210250471246
46.59376963875305,176.56453040569374,67.56195978256649,Female,64301.6213491877
51.60600545757811,181.85888029712947,72.22474994930593,Male,60466.63717585747
40.170159796825736,156.74372432316207,74.59420038360221,Male,47347.99828549036
35.03894414841731,179.31385570081684,62.98736514833408,Male,56745.55078803703
41.02218139511793,197.90412611439456,81.29715718411106,Male,51498.8191965367
35.64220824549988,186.166229984407,65.41314839597717,Female,53689.43829402394
24.92961883040059,182.4964347592901,68.31922456720743,Female,59343.05887064089
35.406198718953924,210.3904822782626,63.709996928018626,Female,33686.881298204484
42.238685318601306,181.8700453666031,61.92581434150698,Male,46083.3684586564
30.189683864847783,174.56939178468198,61.07988411326847,Male,75968.51294563875
34.309643992322705,151.69189448730967,73.85487560138084,Male,34292.31940417932
24.22000778909493,175.21899013156354,87.24305263890443,Female,19990.21735912841
32.34205902033241,156.23855260940212,61.321008409233556,Female,18836.013589730956
31.73512667954673,197.37834769915065,72.43162173658884,Male,4422.656678405561
34.83887889571462,160.12429447688697,67.85633013260673,Female,41474.1615381824
41.08451570227709,151.42982149134292,48.880605297628534,Male,39771.36631912232
17.111664376688694,138.75346048903043,74.16509568446187,Male,49858.293076000264
23.129550584721123,175.36492575958127,88.7036924096498,Female,66795.64432756777
37.82752748329203,177.62607837016785,68.12282990901352,Female,47723.354087692285
27.971977387382328,172.75074255284596,78.03052812323753,Female,64954.55013721496
49.02533716816861,163.4744201518159,88.85117166069554,Female,69725.91378985408
49.77090141425549,142.24112463303862,60.922858772572994,Female,47419.87850135949
40.82828835858314,138.6149431404399,64.71962475355976,Female,50166.92053848854
32.014983786188964,172.14196495053181,63.55001158198632,Female,44093.676329972535
20.947678903495216,175.40467351184802,53.14803766511024,Male,84044.4773296513
52.77113610266399,166.75948459777024,75.84713076103944,Female,46392.46216915377
17.446440418746867,188.58666886590746,77.25994806714276,Male,64385.62769301765
32.832207952555414,166.94216071417972,62.49109621309434,Female,56716.80835413355
38.14202157305665,168.22010060180432,42.882284385152744,Female,48708.77768732775
41.55824128722098,188.19276506011917,78.13231069496999,Female,36373.97355317169
40.76203428810537,176.4183791626703,72.55827080951141,Male,54666.762881598144
40.00067235152884,179.4887211788971,65.95700079918386,Female,52310.79138764346
26.76125264283855,160.21631421001058,53.78672343248206,Male,23187.80324955344
42.312238298296954,145.67276350143305,65.35684970975164,Female,38214.34952387824
45.10637847950888,168.00127955890375,89.90981181910347,Male,48835.506797702714
26.6491827986982,153.38248560302262,61.55721771058641,Female,36433.132633814486
18.221045230326176,166.4399474581544,66.72401960965644,Male,59518.102535304555
33.37075157060997,174.93928809389163,72.10093754023261,Male,55101.70402030929
47.276414205000876,183.35222342699643,70.7254125671995,Male,45000.18587242925
36.248088810657165,159.1867586967025,64.74941499644517,Female,48080.77941532842
30.994580062092158,171.51113543444583,87.41388755638802,Male,57516.559181627716
31.70060667980049,187.79999049238629,69.63620523493407,Female,42137.00270724037
25.356878558890728,148.52141136934753,74.28502178507989,Female,29437.104082124533
39.9535008289074,178.36635960645637,62.84829113949601,Male,45078.150965295645
27.96464184349895,168.96193768560332,67.12123933963285,Male,53817.51518575051
30.926328188757193,181.6720079727936,78.0039199314349,Male,60134.95588874811
27.571456041933164,162.19770081948639,64.53634006503722,Female,36802.805071100825
7.265733311032527,204.67437504845938,82.8748332760843,Male,10303.236433643113
31.33476556434317,164.22748996087367,67.70990750030114,Male,47301.32193801167
38.51949978883128,187.7297157964151,66.92339328720371,Female,70308.21426430347
23.013571891308224,199.25208248318327,67.26099987274372,Male,48223.56636525128
15.864333450716778,171.7259226269981,78.03240161750861,Female,56458.94938238254
22.83179690003957,171.6010337206245,76.3188794943561,Female,50019.39583021738
30.467026773140383,151.2932949652872,65.24404913393995,Male,50955.66856773043
31.612110584408203,172.47342252423024,78.33376725981807,Male,68593.25004431208
34.092763881656,163.3413479145674,83.50746649299211,Female,49182.62074682983
30.195178894703048,158.73995832243938,61.77716257959432,Male,18820.96326314069
30.991328654809198,164.59576380195963,65.75455079131508,Male,67630.6495150299
35.552567492386956,175.26035267101787,78.14522515289434,Female,59494.00518139593
38.14175441451633,138.8381983037454,63.515100861388646,Female,43595.44031562069
25.95595334568297,159.34630238173241,67.7514572592789,Female,47032.08743494848
45.146782178011975,186.59712600247917,67.50463065938797,Female,62189.005732863894
25.74676389639009,159.10552010285372,69.1729115664566,Female,75908.25053239783
30.644680028124085,175.07588789943568,70.37424411015992,Male,19664.775210530486
24.199556462795925,159.3268090893962,74.24220475353698,Male,35660.04518041457
37.79604298742408,147.7274385172613,65.59434179769697,Female,55622.35627630427
38.351063283872556,136.57183748379697,68.35027783567902,Male,58822.071571641834
29.754820407323926,167.93305787098376,85.51092320729586,Female,50787.36812435558
41.833734555072844,166.92082517027063,68.10968791721056,Female,46404.770733245496
28.87038885151503,158.67622607856512,65.14958814135802,Female,50934.17455336919
30.555039367649066,173.9560710741403,73.37105514854277,Male,56705.4269584313
7.274544028670569,145.54962767843276,83.18359919636967,Male,48611.697878658044
44.844740674735725,140.18543603857768,84.07825125214904,Female,29648.896745159567
32.059379143614365,188.8707034972709,50.45472335065644,Male,42021.64911050067
33.74428650742752,203.73185629828782,54.840126989951656,Male,56697.14001917147
29.482462342198367,208.0729069837699,59.79377480490548,Female,52177.08584926455
27.597983467186477,181.50851688153796,73.30151363784127,Female,75495.72145469564
18.177098313617932,158.52891318967218,83.25565383359778,Female,27843.542956121124
33.402995499917395,166.36421005298502,79.37115845027412,Female,78462.60560417564
27.844800531885657,161.8734075117643,67.21206154514842,Female,38736.76503578284
43.07506764504855,159.41379339768267,52.4216270661064,Female,67743.42978142666
38.03743853983682,183.2048013087894,70.46212131740673,Male,32079.086570342697
30.87695461403184,155.69694689204448,66.31205984826967,Male,53712.52778007441
28.939687153433304,172.63434702223407,68.25548440547091,Male,79595.38824652611
41.318679798300664,177.85850865765823,64.83285452029924,Female,56749.82371047096
43.78089754537727,172.52259511388564,72.61467803895485,Male,42954.10790848974
45.653146697494094,206.11158039745848,72.56899297994967,Female,38971.46272711629
42.64064140033525,177.10445122627067,75.66096005716199,Female,62991.809277874476
53.5230613398996,186.89118256847058,67.45851393552059,Male,51831.22750786034
27.518862658996035,166.49043865576104,56.03306281568187,Female,42541.32814892766
29.60779759730449,197.51035208198795,54.760590556070206,Female,62861.61683794022
49.014998462615715,163.5822066544233,76.13986355861056,Male,23179.9620261326
38.02307945403203,156.71129552648412,69.95434175254749,Female,44066.287601010205
48.113773585752526,168.2063782005604,79.61210672177668,Male,10502.863570119334
29.68533880161111,185.30573374388428,65.73970370676477,Male,36512.485701320365
38.69191790656511,169.44244677323286,56.92821725896834,Female,52798.117234052595
33.61615509790903,159.59852046287276,65.63922146031479,Female,50759.95696754218
40.06258411307869,173.15580608169589,71.35597923110195,Male,33025.725050010224
29.83847968859873,167.18829575687113,81.41383201608497,Female,47614.83720353644
57.98015298920231,178.38749604689883,74.92018934695515,Male,58821.628161898276
14.0007394132877,175.34963665505822,68.4713403754107,Male,66432.56782097799
44.92126954902092,160.5549659990285,74.43089388307166,Male,37739.79126555384
45.79476462743074,159.49043122003724,80.57164094296918,Male,54552.75355344193
33.997581919346956,171.8975056052339,53.48965420097238,Female,52506.27982419495
34.7961038738817,178.66659865601255,57.48258276209339,Male,58504.44568438621
53.91480776631043,151.50055722036183,82.06792255928362,Male,42464.105703687506
44.46071937667851,158.05444793531117,90.07737690175652,Male,49350.55297549042
39.458743241186816,165.95576053222848,60.95551686970575,Male,25366.998529616554
36.477764989859324,193.3372381241333,76.92056908247345,Male,47914.82360731043
37.22736747552953,194.7980292246653,53.42992068997162,Male,42088.087837401035
35.68061001970719,160.65063727804466,74.67517271703703,Female,53625.99847223233
41.897725006487185,184.81393850955467,73.33967171586025,Male,52167.42388578424
39.13898861901963,156.1776977403662,70.78215146232803,Male,19376.434748437427
48.76400295771756,152.24027100763695,72.02099094592991,Male,56164.27262328158
44.84130472523244,156.328043210052,83.81693407633477,Male,36508.260476249336
48.36849749402974,160.08156362498542,72.48648844369116,Male,71851.57173041336
34.5502146015145,157.61704623704236,72.96005823727468,Female,16739.699237076762
24.56294597843501,170.34655580445863,59.24013953900552,Female,37928.51309739156
34.775251253927415,189.4790775759963,73.00065954743111,Male,49118.935521689
47.651423319004536,160.98219647489933,79.09204693647483,Female,64227.465619420356
43.633451884671075,170.39879507556768,65.2893112650221,Female,24708.909867192997
34.31955428414533,169.09079687847313,64.45578974487614,Male,45966.324950955684
38.63646669492993,174.45745221138492,60.004343615529976,Male,65659.52030294755
26.415241813983435,177.3241590929456,63.93882618060987,Male,49298.65787658379
34.230611860162576,184.3905165182324,67.84064817864608,Female,48228.0559129419
26.459649833442597,154.13945880637027,65.8846736138219,Female,63570.85044706989
29.231096248115414,157.09311674344693,63.64454218319515,Female,53412.66951870013
18.78771977046059,190.8970688990578,81.25455414918588,Male,49313.67436519264
37.97121038161901,172.2818745106743,75.5410381604655,Female,55437.70049118238
28.930717644235635,165.1985103289549,84.54865481343657,Female,35018.367185431154
39.21460824375646,173.6508561362232,78.5686951821503,Male,36106.37179758161
33.866380946596635,163.95792860359893,71.85431720796001,Male,59173.36816803081
34.547363800236596,164.81158809745725,50.627429600400376,Male,58929.717739510925
39.581908762944416,171.48341969047797,72.82615155397633,Male,56045.96529776425
31.862437006074053,167.579807016511,65.21519584561996,Male,34819.237743799764
53.66087727409955,181.1964563252271,65.26813593425055,Female,44399.48198458717
24.774317738782305,182.58264274019695,67.39347356485632,Male,80142.38195806388
15.03622625442869,180.63529412801503,64.82843288616463,Female,22752.600892148293
37.84366968524715,190.60136552591894,78.35197866958636,Male,39640.96981188026
37.6797048010407,170.80281225838735,70.40946180327556,Female,41147.9914766808
33.32752527395584,143.09874580261555,67.51332614422427,Male,84196.14225495326
32.91377581843826,155.82225108155836,69.39968611843872,Female,83950.70323845671
34.96941044670081,150.9404144429866,84.41926072736194,Female,53691.628898276256
35.98508103890747,149.84365994919287,65.04029932076708,Male,70203.57593806522
42.69406861774175,170.07298994450355,76.71163183362358,Female,56234.64947254225
29.448951876582925,187.2589563461515,64.98317837117756,Male,61018.81447321628
24.91868201940893,161.19557611710067,63.60252011124572,Male,45494.53694289471
36.50426478822737,130.0034593751572,68.86625972426745,Male,60572.40822970154
49.656344151381205,152.85866371080743,73.98952552636618,Male,50967.346632742425
31.92557292838828,157.6113002958956,51.627699766315956,Male,43795.01905528955
38.065801874964635,188.47417784392937,77.90015079100313,Female,50222.73683925453
21.38102347858694,156.18929944130113,64.33539676641206,Female,35361.519932596675
47.7703444797464,169.17261698058945,68.09882033101925,Male,46909.38313672668
48.25543510969045,160.3450806286246,79.55339068953865,Male,28965.274944717145
26.99156959493365,165.76412191354066,90.92680494885356,Male,34526.09632842534
33.062025479712915,156.5214490308978,71.29685769010389,Female,57374.727260441214
14.500750122503703,163.4485632554053,68.91179382800505,Male,81528.9389636544
33.615681907954766,183.675612238613,72.19734314012051,Female,48576.07681536289
36.37352957432638,162.81796184417001,64.36480599522656,Male,94157.74251462572
37.72568046855644,160.4325195313527,70.1805790496699,Female,65373.69501665429
32.44548404693666,186.6580636839656,60.17984318403616,Male,44306.62001676833
56.95442022096239,194.74381436013363,90.7960521291919,Female,31273.153524369
44.37501738627941,177.82497433583055,75.79426794469161,Female,64079.90364486539
41.929790064825156,161.40863318967428,48.4169651640672,Female,68678.3584631306
32.763239037334095,184.31211545831462,59.79786178578106,Male,69732.23242783683
33.400267870787104,177.8050783477956,65.716337948941,Male,38850.390960265635
22.605847769137867,167.06968636279714,53.34423938535026,Female,66545.72534801367
41.5773466166075,140.02335305112595,83.68008616139173,Female,60504.87524418274
41.49030063056492,168.08546572124027,56.386053910770336,Male,45330.17387571839
30.48729955797158,161.36142365720139,58.395929069261214,Male,50238.38633420499
30.571248296498418,214.60796560050363,79.39597830667707,Female,40444.355812260175
49.82846215404847,166.63909318426613,70.47918466916539,Female,31210.89972092259
25.58811456911021,167.28519625877024,86.2227270053787,Female,45798.383139383346
40.18512015355479,167.95835174374366,65.97200196706726,Female,61805.61028870421
52.09895170883438,169.72470134906885,61.02244025027665,Male,67287.9710007192
42.90856873613252,184.01440576158055,69.9563491865874,Female,58959.24393721402
12.923356780829494,192.76151622835008,48.57141845209558,Male,60946.66411340478
31.03314183736285,161.57814091310067,71.66127930838039,Female,45218.39009593474
44.74549028260199,176.8001501270619,73.55366891621678,Female,84697.63494009383
41.9280955999228,204.25448669706813,64.30689285872506,Female,42879.799172770516
36.249711077850854,176.99684175667744,74.49868271543477,Male,43182.984717474275
44.98232436122521,148.9830394385144,74.3649198455701,Male,46602.27937399776
14.32267851668771,174.5625800351187,73.93286244949881,Female,63902.43077647734
27.506955226179233,155.7308475739033,75.8013146799426,Female,35520.64662324611
42.86171939757405,174.15259066373267,83.95343957580566,Male,61902.13577287096
52.542259222411886,147.33938980928923,73.10486075430192,Male,48171.564304768
32.52231330406095,169.02063088249946,77.53770677045583,Female,12290.503963815849
14.384535708504288,174.48449025515836,66.65956321502584,Female,37973.75182052287
51.506131737992746,158.5672665431841,68.74779084261566,Male,29925.56992097255
56.737270594441355,158.46368429270544,70.49166901415657,Female,55822.60223986221
36.0145525815533,146.38729771546485,54.49488221692565,Male,50298.14417167661
28.435945146152076,187.63426022956713,61.40546363825347,Female,65556.12808491825
33.827769486789066,168.2177114703495,75.91249121731214,Female,20980.91187246111
34.779286513669255,149.47201494760523,64.35000494134144,Female,51085.238440483896
44.60249642925524,159.94902884682284,70.65448822473836,Female,10431.85364554324
38.39796748372134,160.36312075190187,77.07582983958116,Male,57233.296932188365
22.07299931530934,204.00750101049607,57.42776952768226,Female,45437.37004054872
30.444183187325038,178.01480430286543,63.41505167357762,Female,44268.59275093343
32.68169265866899,159.37104064869607,67.09651682481045,Male,6898.178228102246
56.067394520869236,163.26450840931162,96.11434311349211,Female,16229.3024943087
25.991542918041322,190.4144157780138,69.95842778086131,Male,30358.150149036697
29.318230008663683,172.1069018488758,65.91335460423419,Male,67974.98601062802
16.9226631722548,175.1676526204439,65.84385550511723,Female,60204.65457432291
31.761683011752798,164.9407783398632,69.35585864380268,Female,43896.28427404503
28.453627524042133,178.95097501790815,78.85967102977907,Male,53364.20937769017
35.59342605277957,169.42147796706172,52.774922111590996,Male,37168.49525036881
27.870466815044345,193.82624690218535,70.6309543827827,Male,47703.99015950743
55.269918964013186,143.2513231036935,90.53567952695255,Male,19111.485828936093
40.0690055354393,161.2559464650449,70.54179147752662,Female,33718.624239225086
18.04592592867872,155.85728510819652,57.35135126108926,Male,52671.51957079962
47.152624022073795,165.59975983770642,65.20917954293881,Male,5978.552389207034
33.1207280930916,158.40166584599214,83.8744747033906,Female,33564.859752413
47.611313907797985,177.01753986077472,64.11104543042038,Male,42439.84411877278
32.42284859661692,150.13273028840345,65.50172092295237,Male,52717.009139673326
40.9864663420683,176.97596465550328,72.50860971513532,Male,56717.49739403516
34.64266038556987,179.1245547149549,73.34879359649325,Male,75468.83670347791
16.996086773221876,175.4388764517063,79.84139086750493,Male,63674.706817501545
50.081654557465654,159.76338738852002,84.90669482751362,Male,72661.82051530079
42.044824304039224,164.80078579099776,76.6743280772923,Female,46791.51814978784
33.91316893351211,177.27212728516355,74.60495961118069,Female,67307.24961387555
27.005341837242625,158.73340621083864,82.19541873028152,Male,55414.110751926564
33.08255115078132,178.8551673785544,75.7075271325531,Male,36176.47972805596
18.940498885125145,171.77232618156899,72.05551309855623,Male,57660.185651291715
34.749078917043335,161.69195816361452,67.97360701095171,Female,34845.73711836716
20.44847979322298,171.95988943178386,76.91772756681516,Female,55815.530052225375
26.138867032211884,148.81493078723204,77.02881468700961,Male,61517.4803818068
33.94105897975185,165.37207300459076,77.04682626590862,Male,45058.81632721788
28.80740333259632,151.19760451245946,60.478137177170055,Female,33651.929726694616
32.81519409259028,180.41798126861678,67.98465062258337,Male,39136.75613357983
41.883591904077235,146.11812038412899,59.45692169986556,Female,28275.959814339454
42.41847832351534,155.7253313061764,68.29414422118106,Female,39432.19711301374
31.353821634494196,162.36871014849714,57.848780330971096,Female,67380.2405037552
49.043098312366524,164.06662510998456,63.23757432591112,Female,48839.92529585203
37.70509410270819,165.49622194489731,74.63477407662845,Female,66124.31888511976
23.133697749195957,154.8858452095719,69.74523630699817,Female,23019.430937365567
17.27883520126121,148.5911244108806,58.516466677713105,Female,58818.5607721688
38.01587923914072,175.36196907220796,54.147253358604566,Male,47097.90805872135
37.46189891054425,180.70308463955303,77.3398198129921,Female,55963.95210267359
28.970834691390195,161.05868374137873,66.15374787210826,Female,68401.05836012051
36.57686638184946,168.650406882652,57.036326017394416,Male,60759.11088556103
43.388393833780604,181.92995854562116,88.08268524414932,Male,50645.46060058346
29.54557480829757,172.50712184823135,65.67583142887574,Female,34995.11892363566
28.1787459424291,176.68323951094825,77.78584148380257,Male,73553.17699925503
35.960946492151926,205.6897322232328,69.23667627501027,Female,47827.57653181191
14.345261254839897,189.36942236105966,69.33850464942279,Male,55877.55371214074
41.142590954560525,162.93125605672344,75.15372548090161,Male,48139.777772595975
37.599141869426,177.61883283541286,81.51387797622866,Male,65875.04496631132
16.87986552788374,189.40142227249197,51.93917882663432,Male,42723.96022075855
45.78152448112614,162.78796094655615,77.1323191322479,Female,50137.60317607706
48.37767297791676,195.4239854039727,61.816290533851905,Female,56620.26905494098
10.141577016712134,183.89840720619966,78.19207183972121,Male,40970.088330116356
36.66809308151169,185.76369157064772,64.08644646115688,Male,27175.806514078973
44.45651732541325,169.3261613267973,69.49008592662057,Male,30073.71983190662
25.778797024835633,172.73998854714242,60.739756616219964,Female,49847.76331833205
49.194892518781074,171.95857156643106,90.83801740433469,Female,62767.10318445721
38.02234819408493,166.15116983932595,68.94520784992167,Male,57862.81914749096
25.419297897151058,157.813322401082,72.65164806822511,Male,73145.69042039187
34.10108070828542,168.24614443342165,79.79153577799737,Male,61930.45030755129
42.160199445943576,172.02065063093454,88.07364299059807,Male,55588.507854133895
21.614737506476956,162.6462090375721,58.13358861526387,Female,47824.20728218961
37.74711957115046,182.1472308049975,67.25367954387401,Female,49973.708943798345
26.06891342438956,144.78104560266996,69.35930936268386,Female,30759.23337342246
36.00569856646014,190.2775887615573,59.46617544292351,Female,40018.979679866534
16.98786957639398,174.24951876104606,83.08406600739558,Male,76628.97047646661
36.613435139557225,184.42168125764317,73.1799290053559,Male,28502.915647333022
36.33650359365057,177.44765053979012,76.88030208268724,Male,57378.99148713223
29.34414663032819,173.17652240145657,67.29051796238024,Male,77432.38374471692
54.350713137529496,156.5937323991639,62.691862325744616,Female,63568.16173771046
42.75263610530889,202.35856851893118,65.39994369458414,Female,64956.80156828293
37.1332526276471,161.95765887197274,66.9513970947433,Female,52073.792426462656
46.95354400827959,156.86825868739075,84.66463463745056,Female,61850.746385877384
32.05379121676046,136.4880263175834,76.88513817931019,Male,55803.20046019612
44.12562280188727,178.1480703648996,71.65098180102812,Male,57552.100558814505
42.832701915023556,162.19056125273238,60.737522750923574,Female,60883.447049878654
30.12858041726745,167.35859194509732,54.73671655173759,Male,29331.465597658647
40.89181418587439,160.61152652667795,68.94301471913751,Female,52357.184881447356
28.03259892393247,164.2637614737844,73.02791988354646,Male,56335.11091450184
36.73291423310368,163.79241289629013,72.98500028812686,Female,70158.17665009649
28.708929977303455,169.35547612250042,54.79064776688903,Male,78109.11728860952
30.67916683526253,145.2508884006328,76.15495869344844,Male,15938.53719871524
32.66120004059001,152.92202876842816,63.00251311251762,Male,45908.020531118265
29.325199254983907,140.2521962662967,83.27049610936287,Male,31859.346407206096
27.88813551799265,175.45150687401215,61.50712593418536,Male,7510.566111357424
37.37192285114664,151.7693084322541,71.07287363297318,Male,58841.55486862852
38.551772197537325,164.9565005476466,64.26058348014861,Male,57137.45416772979
36.91288677021445,170.1355331181117,75.34081700589084,Female,64180.43686610118
32.30078841095003,152.16091901622457,64.7607978012928,Male,42172.33011648466
46.92882459945269,177.058349427661,80.25037056405021,Male,37223.70234620457
33.16152619472664,155.13210098661494,57.24580857112769,Female,39312.99809304303
39.412465507945655,157.20608571957086,80.06329515916413,Female,56265.487366174995
16.91279210680702,188.1417550739695,65.90220434433964,Female,61801.11138012627
14.687626646399114,171.81684126348622,48.15582094124585,Male,62392.84917169821
36.31321853395644,174.17999570235634,65.21692951722866,Male,43146.62101061361
39.56801631041331,144.30975047057436,87.5625992530096,Male,81349.72022046988
43.67660298236566,163.41026698725238,67.89763436333149,Male,52839.741100331434
35.274402523034325,179.235764756636,74.04160872881593,Male,41464.78106570361
29.40845173029627,181.9051342434605,78.42197938121123,Female,54585.21427039703
42.42843194126318,165.05170309885494,58.04080533383555,Male,66781.99207056302
33.75334344267127,163.3831721876435,71.83066298478087,Male,69579.52568056404
26.424020696948748,187.92781640671353,81.992595571915,Male,55873.95347648638
39.00382204181798,168.8150432396777,76.33767201131892,Male,61725.057766128855
39.55824755346506,187.80178548050966,51.606561249844674,Male,45642.50181770183
33.055119942298596,176.93237647058328,102.38453405777165,Female,38735.94798773421
54.36136617121522,173.952748638644,65.18913221930089,Male,40770.60050913097
23.767809535159312,170.70184269808436,65.06886604014895,Female,40742.29853697507
27.603752966406418,196.57868746374658,75.59662797661443,Female,65209.95527541439
55.175194062581596,153.77608629789512,60.733291702700406,Male,23068.664435216288
27.244393378497954,170.34830158704594,78.42347039759711,Male,69083.74257663969
34.88891533471796,186.30812182703116,83.87252095463522,Female,56915.4659738061
48.89960121558518,164.3306851425038,68.02938683664217,Female,24439.012401791922
35.78766718987329,175.2528260197168,71.6378082409621,Female,47193.29985464053
39.88945052798728,189.14870713020255,90.05888840920579,Male,37921.716409345136
28.575797520853854,144.3450340814756,82.48109630910938,Male,42902.06291006526
52.58756968886048,167.314987337207,68.39433611671511,Male,52385.67012789829
43.833121624320654,154.0337244511763,52.87046382650773,Female,45407.57379947735
33.67047857726911,187.00743299612498,61.57114147990191,Male,56720.87914427518
29.67524514508697,175.10031831640921,80.86299099242,Female,49833.68503859068
36.148997644743396,164.67330576715892,71.8115621014817,Male,63670.06479663076
45.477212765019146,154.49878107898198,68.16712970820267,Male,47740.24730778627
42.74073483665284,173.39874389160516,66.59903053776395,Male,56352.125260727094
29.29729285146375,164.66301757292027,56.85629423336779,Male,35191.79009956418
49.97916855597018,167.56128986338874,66.02132822320415,Female,62260.54326805743
45.00472148454108,148.58561646916084,92.80221109720519,Female,68842.80061538618
30.27054643762272,155.33200034400807,77.17811944007106,Male,13180.319035534565
23.42243879782544,151.6398354550328,68.22577396067531,Male,45174.887223179
26.742407682357914,187.0368300098021,64.27453519601458,Female,47708.12764219533
